PRAGMA foreign_keys=OFF;
BEGIN TRANSACTION;
CREATE TABLE IF NOT EXISTS "django_migrations" ("id" integer NOT NULL PRIMARY KEY AUTOINCREMENT, "app" varchar(255) NOT NULL, "name" varchar(255) NOT NULL, "applied" datetime NOT NULL);
INSERT INTO django_migrations VALUES(1,'contenttypes','0001_initial','2025-01-06 22:26:26.517812');
INSERT INTO django_migrations VALUES(2,'auth','0001_initial','2025-01-06 22:26:26.534621');
INSERT INTO django_migrations VALUES(3,'admin','0001_initial','2025-01-06 22:26:26.545556');
INSERT INTO django_migrations VALUES(4,'admin','0002_logentry_remove_auto_add','2025-01-06 22:26:26.558113');
INSERT INTO django_migrations VALUES(5,'admin','0003_logentry_add_action_flag_choices','2025-01-06 22:26:26.565492');
INSERT INTO django_migrations VALUES(6,'contenttypes','0002_remove_content_type_name','2025-01-06 22:26:26.583505');
INSERT INTO django_migrations VALUES(7,'auth','0002_alter_permission_name_max_length','2025-01-06 22:26:26.623101');
INSERT INTO django_migrations VALUES(8,'auth','0003_alter_user_email_max_length','2025-01-06 22:26:26.636929');
INSERT INTO django_migrations VALUES(9,'auth','0004_alter_user_username_opts','2025-01-06 22:26:26.646919');
INSERT INTO django_migrations VALUES(10,'auth','0005_alter_user_last_login_null','2025-01-06 22:26:26.658114');
INSERT INTO django_migrations VALUES(11,'auth','0006_require_contenttypes_0002','2025-01-06 22:26:26.659923');
INSERT INTO django_migrations VALUES(12,'auth','0007_alter_validators_add_error_messages','2025-01-06 22:26:26.669838');
INSERT INTO django_migrations VALUES(13,'auth','0008_alter_user_username_max_length','2025-01-06 22:26:26.682301');
INSERT INTO django_migrations VALUES(14,'auth','0009_alter_user_last_name_max_length','2025-01-06 22:26:26.693133');
INSERT INTO django_migrations VALUES(15,'auth','0010_alter_group_name_max_length','2025-01-06 22:26:26.707581');
INSERT INTO django_migrations VALUES(16,'auth','0011_update_proxy_permissions','2025-01-06 22:26:26.716508');
INSERT INTO django_migrations VALUES(17,'auth','0012_alter_user_first_name_max_length','2025-01-06 22:26:26.729481');
INSERT INTO django_migrations VALUES(18,'sessions','0001_initial','2025-01-06 22:26:26.736975');
INSERT INTO django_migrations VALUES(19,'app','0001_initial','2025-01-07 00:12:39.464434');
INSERT INTO django_migrations VALUES(20,'app','0002_alter_category_options_category_image','2025-01-08 00:35:14.480107');
CREATE TABLE IF NOT EXISTS "auth_group_permissions" ("id" integer NOT NULL PRIMARY KEY AUTOINCREMENT, "group_id" integer NOT NULL REFERENCES "auth_group" ("id") DEFERRABLE INITIALLY DEFERRED, "permission_id" integer NOT NULL REFERENCES "auth_permission" ("id") DEFERRABLE INITIALLY DEFERRED);
CREATE TABLE IF NOT EXISTS "auth_user_groups" ("id" integer NOT NULL PRIMARY KEY AUTOINCREMENT, "user_id" integer NOT NULL REFERENCES "auth_user" ("id") DEFERRABLE INITIALLY DEFERRED, "group_id" integer NOT NULL REFERENCES "auth_group" ("id") DEFERRABLE INITIALLY DEFERRED);
CREATE TABLE IF NOT EXISTS "auth_user_user_permissions" ("id" integer NOT NULL PRIMARY KEY AUTOINCREMENT, "user_id" integer NOT NULL REFERENCES "auth_user" ("id") DEFERRABLE INITIALLY DEFERRED, "permission_id" integer NOT NULL REFERENCES "auth_permission" ("id") DEFERRABLE INITIALLY DEFERRED);
CREATE TABLE IF NOT EXISTS "django_admin_log" ("id" integer NOT NULL PRIMARY KEY AUTOINCREMENT, "object_id" text NULL, "object_repr" varchar(200) NOT NULL, "action_flag" smallint unsigned NOT NULL CHECK ("action_flag" >= 0), "change_message" text NOT NULL, "content_type_id" integer NULL REFERENCES "django_content_type" ("id") DEFERRABLE INITIALLY DEFERRED, "user_id" integer NOT NULL REFERENCES "auth_user" ("id") DEFERRABLE INITIALLY DEFERRED, "action_time" datetime NOT NULL);
INSERT INTO django_admin_log VALUES(1,'1','Черный метталопрокат',1,'[{"added": {}}]',8,1,'2025-01-07 03:21:58.055695');
INSERT INTO django_admin_log VALUES(2,'2','Трубный прокат',1,'[{"added": {}}]',8,1,'2025-01-07 03:22:13.215665');
INSERT INTO django_admin_log VALUES(3,'3','Плоский прокат',1,'[{"added": {}}]',8,1,'2025-01-07 03:22:27.705973');
INSERT INTO django_admin_log VALUES(4,'4','Фасонный прокат',1,'[{"added": {}}]',8,1,'2025-01-07 03:23:10.401048');
INSERT INTO django_admin_log VALUES(5,'5','Сортовой прокат',1,'[{"added": {}}]',8,1,'2025-01-07 03:23:22.732907');
INSERT INTO django_admin_log VALUES(6,'6','Чугунный прокат',1,'[{"added": {}}]',8,1,'2025-01-07 03:23:32.340528');
INSERT INTO django_admin_log VALUES(7,'7','Стальной трубный прокат',1,'[{"added": {}}]',8,1,'2025-01-07 03:23:49.010103');
INSERT INTO django_admin_log VALUES(8,'8','Чугунные трубы',1,'[{"added": {}}]',8,1,'2025-01-07 03:24:14.465582');
INSERT INTO django_admin_log VALUES(9,'9','ВГП трубы',1,'[{"added": {}}]',8,1,'2025-01-07 03:24:29.846582');
INSERT INTO django_admin_log VALUES(10,'10','Обсадные трубы',1,'[{"added": {}}]',8,1,'2025-01-07 03:24:42.241326');
INSERT INTO django_admin_log VALUES(11,'11','Котельные трубы',1,'[{"added": {}}]',8,1,'2025-01-07 03:24:52.693254');
INSERT INTO django_admin_log VALUES(12,'12','Трубы Б/У',1,'[{"added": {}}]',8,1,'2025-01-07 03:25:21.467041');
INSERT INTO django_admin_log VALUES(13,'13','Капиллярные трубки',1,'[{"added": {}}]',8,1,'2025-01-07 03:25:52.268876');
INSERT INTO django_admin_log VALUES(14,'14','НКТ трубы',1,'[{"added": {}}]',8,1,'2025-01-07 03:26:05.496609');
INSERT INTO django_admin_log VALUES(15,'15','Бурильные трубы',1,'[{"added": {}}]',8,1,'2025-01-07 03:26:15.587364');
INSERT INTO django_admin_log VALUES(16,'16','Изолированные трубы',1,'[{"added": {}}]',8,1,'2025-01-07 03:26:29.455885');
INSERT INTO django_admin_log VALUES(17,'17','Футерованные трубы',1,'[{"added": {}}]',8,1,'2025-01-07 03:26:37.654644');
INSERT INTO django_admin_log VALUES(18,'16','Изолированные трубы',2,'[{"changed": {"fields": ["\u0420\u043e\u0434\u0438\u0442\u0435\u043b\u044c\u0441\u043a\u0430\u044f \u043a\u0430\u0442\u0435\u0433\u043e\u0440\u0438\u044f"]}}]',8,1,'2025-01-07 03:26:45.021158');
INSERT INTO django_admin_log VALUES(19,'18','Магистральные трубы',1,'[{"added": {}}]',8,1,'2025-01-07 03:27:07.439596');
INSERT INTO django_admin_log VALUES(20,'19','Оребренные трубы',1,'[{"added": {}}]',8,1,'2025-01-07 03:27:22.180861');
INSERT INTO django_admin_log VALUES(21,'20','Колонковые трубы',1,'[{"added": {}}]',8,1,'2025-01-07 03:27:42.621654');
INSERT INTO django_admin_log VALUES(22,'21','Газлифтные трубы',1,'[{"added": {}}]',8,1,'2025-01-07 03:28:09.699778');
INSERT INTO django_admin_log VALUES(23,'22','Плакированные трубы',1,'[{"added": {}}]',8,1,'2025-01-07 03:28:18.010700');
INSERT INTO django_admin_log VALUES(24,'23','Труба круглая стальная',1,'[{"added": {}}]',8,1,'2025-01-07 03:28:51.456115');
INSERT INTO django_admin_log VALUES(25,'24','Профильные стальные трубы',1,'[{"added": {}}]',8,1,'2025-01-07 03:29:19.405709');
INSERT INTO django_admin_log VALUES(26,'25','Листы',1,'[{"added": {}}]',8,1,'2025-01-07 03:30:37.286611');
INSERT INTO django_admin_log VALUES(27,'26','Полосы',1,'[{"added": {}}]',8,1,'2025-01-07 03:30:46.511409');
INSERT INTO django_admin_log VALUES(28,'27','Ленты',1,'[{"added": {}}]',8,1,'2025-01-07 03:30:54.731520');
INSERT INTO django_admin_log VALUES(29,'28','Плиты',1,'[{"added": {}}]',8,1,'2025-01-07 03:31:13.420536');
INSERT INTO django_admin_log VALUES(30,'29','Шины',1,'[{"added": {}}]',8,1,'2025-01-07 03:31:23.711879');
INSERT INTO django_admin_log VALUES(31,'30','Рулоны',1,'[{"added": {}}]',8,1,'2025-01-07 03:31:32.694528');
INSERT INTO django_admin_log VALUES(32,'31','Просечно-вытяжные листы',1,'[{"added": {}}]',8,1,'2025-01-07 03:32:05.895113');
INSERT INTO django_admin_log VALUES(33,'32','Перфорированные металлические листы',1,'[{"added": {}}]',8,1,'2025-01-07 03:32:25.321629');
INSERT INTO django_admin_log VALUES(34,'33','Бронелисты',1,'[{"added": {}}]',8,1,'2025-01-07 03:32:33.962625');
INSERT INTO django_admin_log VALUES(35,'34','Жестяные листы',1,'[{"added": {}}]',8,1,'2025-01-07 03:32:51.752902');
INSERT INTO django_admin_log VALUES(36,'35','Стальной листовой прокат',1,'[{"added": {}}]',8,1,'2025-01-07 03:33:11.481989');
INSERT INTO django_admin_log VALUES(37,'36','Судовые листы',1,'[{"added": {}}]',8,1,'2025-01-07 03:33:26.389406');
INSERT INTO django_admin_log VALUES(38,'37','Низколегированные листы',1,'[{"added": {}}]',8,1,'2025-01-07 03:33:40.782599');
INSERT INTO django_admin_log VALUES(39,'38','Стальные полосы',1,'[{"added": {}}]',8,1,'2025-01-07 03:34:04.068966');
INSERT INTO django_admin_log VALUES(40,'39','Кованые полосы',1,'[{"added": {}}]',8,1,'2025-01-07 03:34:12.087609');
INSERT INTO django_admin_log VALUES(41,'40','Стальные ленты',1,'[{"added": {}}]',8,1,'2025-01-07 03:34:27.337121');
INSERT INTO django_admin_log VALUES(42,'41','Упаковочные стальные ленты',1,'[{"added": {}}]',8,1,'2025-01-07 03:34:42.205714');
INSERT INTO django_admin_log VALUES(43,'42','Стальные плиты',1,'[{"added": {}}]',8,1,'2025-01-07 03:36:02.672261');
INSERT INTO django_admin_log VALUES(44,'43','Легированные плиты',1,'[{"added": {}}]',8,1,'2025-01-07 03:36:11.553497');
INSERT INTO django_admin_log VALUES(45,'44','Нелегированные плиты',1,'[{"added": {}}]',8,1,'2025-01-07 03:36:21.993669');
INSERT INTO django_admin_log VALUES(46,'45','Стальные рулоны',1,'[{"added": {}}]',8,1,'2025-01-07 03:36:50.342689');
INSERT INTO django_admin_log VALUES(47,'46','Рулонная жесть',1,'[{"added": {}}]',8,1,'2025-01-07 03:37:01.582297');
INSERT INTO django_admin_log VALUES(48,'47','Двутавры',1,'[{"added": {}}]',8,1,'2025-01-07 03:37:36.240553');
INSERT INTO django_admin_log VALUES(49,'48','Уголки',1,'[{"added": {}}]',8,1,'2025-01-07 03:37:42.893652');
INSERT INTO django_admin_log VALUES(50,'49','Швеллеры',1,'[{"added": {}}]',8,1,'2025-01-07 03:37:50.805608');
INSERT INTO django_admin_log VALUES(51,'50','Тавры',1,'[{"added": {}}]',8,1,'2025-01-07 03:37:58.467572');
INSERT INTO django_admin_log VALUES(52,'49','Швеллеры',2,'[{"changed": {"fields": ["\u0420\u043e\u0434\u0438\u0442\u0435\u043b\u044c\u0441\u043a\u0430\u044f \u043a\u0430\u0442\u0435\u0433\u043e\u0440\u0438\u044f"]}}]',8,1,'2025-01-07 03:38:26.445686');
INSERT INTO django_admin_log VALUES(53,'51','Рельсы',1,'[{"added": {}}]',8,1,'2025-01-07 03:38:38.116488');
INSERT INTO django_admin_log VALUES(54,'52','Стальные двутавры',1,'[{"added": {}}]',8,1,'2025-01-07 03:39:49.369961');
INSERT INTO django_admin_log VALUES(55,'53','Широкополочные двутавры',1,'[{"added": {}}]',8,1,'2025-01-07 03:39:59.829804');
INSERT INTO django_admin_log VALUES(56,'54','Колонные двутавры',1,'[{"added": {}}]',8,1,'2025-01-07 03:40:11.266692');
INSERT INTO django_admin_log VALUES(57,'55','Нормальные двутавры',1,'[{"added": {}}]',8,1,'2025-01-07 03:40:20.303773');
INSERT INTO django_admin_log VALUES(58,'56','Низколегированные двутавры',1,'[{"added": {}}]',8,1,'2025-01-07 03:40:34.763896');
INSERT INTO django_admin_log VALUES(59,'57','Равнополочные уголки',1,'[{"added": {}}]',8,1,'2025-01-07 03:41:09.629348');
INSERT INTO django_admin_log VALUES(60,'58','Неравнополочные уголки',1,'[{"added": {}}]',8,1,'2025-01-07 03:41:23.903739');
INSERT INTO django_admin_log VALUES(61,'59','Горячекатаные швеллеры',1,'[{"added": {}}]',8,1,'2025-01-07 03:41:59.549427');
INSERT INTO django_admin_log VALUES(62,'60','Гнутые швеллеры',1,'[{"added": {}}]',8,1,'2025-01-07 03:42:09.498559');
INSERT INTO django_admin_log VALUES(63,'61','Низколегированные швеллеры',1,'[{"added": {}}]',8,1,'2025-01-07 03:42:17.885598');
INSERT INTO django_admin_log VALUES(64,'62','Стальные тавры',1,'[{"added": {}}]',8,1,'2025-01-07 03:42:35.175610');
INSERT INTO django_admin_log VALUES(65,'63','Крановые рельсы',1,'[{"added": {}}]',8,1,'2025-01-07 03:42:53.657539');
INSERT INTO django_admin_log VALUES(66,'64','Арматура',1,'[{"added": {}}]',8,1,'2025-01-07 03:44:05.323850');
INSERT INTO django_admin_log VALUES(67,'65','Квадраты',1,'[{"added": {}}]',8,1,'2025-01-07 03:44:13.146385');
INSERT INTO django_admin_log VALUES(68,'66','Круги',1,'[{"added": {}}]',8,1,'2025-01-07 03:44:20.690194');
INSERT INTO django_admin_log VALUES(69,'67','Прутки',1,'[{"added": {}}]',8,1,'2025-01-07 03:44:28.341340');
INSERT INTO django_admin_log VALUES(70,'68','Поковки',1,'[{"added": {}}]',8,1,'2025-01-07 03:44:37.277779');
INSERT INTO django_admin_log VALUES(71,'69','Шестигранники',1,'[{"added": {}}]',8,1,'2025-01-07 03:44:46.477792');
INSERT INTO django_admin_log VALUES(72,'70','Сварная арматура',1,'[{"added": {}}]',8,1,'2025-01-07 03:44:59.207197');
INSERT INTO django_admin_log VALUES(73,'71','Горячекатаная арматура',1,'[{"added": {}}]',8,1,'2025-01-07 03:45:10.826549');
INSERT INTO django_admin_log VALUES(74,'72','Холоднокатаная арматура',1,'[{"added": {}}]',8,1,'2025-01-07 03:45:23.566755');
INSERT INTO django_admin_log VALUES(75,'73','Стальные квадраты',1,'[{"added": {}}]',8,1,'2025-01-07 03:46:41.844939');
INSERT INTO django_admin_log VALUES(76,'74','Калиброванные квадраты',1,'[{"added": {}}]',8,1,'2025-01-07 03:46:56.430845');
INSERT INTO django_admin_log VALUES(77,'75','Кованые квадраты',1,'[{"added": {}}]',8,1,'2025-01-07 03:47:08.319389');
INSERT INTO django_admin_log VALUES(78,'76','Высоколегированные квадраты',1,'[{"added": {}}]',8,1,'2025-01-07 03:47:21.726993');
INSERT INTO django_admin_log VALUES(79,'77','Низколегированные квадраты',1,'[{"added": {}}]',8,1,'2025-01-07 03:47:34.503352');
INSERT INTO django_admin_log VALUES(80,'78','Стальные круги',1,'[{"added": {}}]',8,1,'2025-01-07 03:47:55.879655');
INSERT INTO django_admin_log VALUES(81,'79','Низколегированные круги',1,'[{"added": {}}]',8,1,'2025-01-07 03:48:05.326511');
INSERT INTO django_admin_log VALUES(82,'80','Низколегированные прутки',1,'[{"added": {}}]',8,1,'2025-01-07 03:48:32.485099');
INSERT INTO django_admin_log VALUES(83,'81','Стальные прутки',1,'[{"added": {}}]',8,1,'2025-01-07 03:48:40.367274');
INSERT INTO django_admin_log VALUES(84,'82','Горя',1,'[{"added": {}}]',8,1,'2025-01-07 03:48:50.919111');
INSERT INTO django_admin_log VALUES(85,'82','Горя',3,'',8,1,'2025-01-07 03:49:09.424563');
INSERT INTO django_admin_log VALUES(86,'83','Горячекатаные шестигранники',1,'[{"added": {}}]',8,1,'2025-01-07 03:49:26.497116');
INSERT INTO django_admin_log VALUES(87,'84','Низколегированные шестигранники',1,'[{"added": {}}]',8,1,'2025-01-07 03:49:35.579904');
INSERT INTO django_admin_log VALUES(88,'85','Чугунные краны',1,'[{"added": {}}]',8,1,'2025-01-07 03:50:07.496731');
INSERT INTO django_admin_log VALUES(89,'86','Специальные стали',1,'[{"added": {}}]',8,1,'2025-01-07 03:52:14.348224');
INSERT INTO django_admin_log VALUES(90,'87','Нержавеющий прокат',1,'[{"added": {}}]',8,1,'2025-01-07 03:52:24.586373');
INSERT INTO django_admin_log VALUES(91,'88','Цветной металлопрокат',1,'[{"added": {}}]',8,1,'2025-01-07 03:52:45.497206');
INSERT INTO django_admin_log VALUES(92,'89','Благородные металлы',1,'[{"added": {}}]',8,1,'2025-01-07 03:52:56.657918');
INSERT INTO django_admin_log VALUES(93,'90','Редкоземельные металлы',1,'[{"added": {}}]',8,1,'2025-01-07 03:53:05.766102');
INSERT INTO django_admin_log VALUES(94,'91','Кабельная продукция',1,'[{"added": {}}]',8,1,'2025-01-07 03:53:16.078238');
INSERT INTO django_admin_log VALUES(95,'92','Сварочные материалы',1,'[{"added": {}}]',8,1,'2025-01-07 03:53:25.740574');
INSERT INTO django_admin_log VALUES(96,'93','Трубопроводная арматура',1,'[{"added": {}}]',8,1,'2025-01-07 03:53:41.053716');
INSERT INTO django_admin_log VALUES(97,'94','Теплоизоляция для труб',1,'[{"added": {}}]',8,1,'2025-01-07 03:53:54.885619');
INSERT INTO django_admin_log VALUES(98,'95','Метизы и крепеж',1,'[{"added": {}}]',8,1,'2025-01-07 03:54:15.552354');
INSERT INTO django_admin_log VALUES(99,'96','Оцинкованный прокат',1,'[{"added": {}}]',8,1,'2025-01-07 03:54:25.090096');
INSERT INTO django_admin_log VALUES(100,'97','Промышленное обуродование',1,'[{"added": {}}]',8,1,'2025-01-07 03:54:50.746941');
INSERT INTO django_admin_log VALUES(101,'97','Промышленное обуродование',3,'',8,1,'2025-01-07 03:55:09.047551');
INSERT INTO django_admin_log VALUES(102,'98','Промышленное оборудование',1,'[{"added": {}}]',8,1,'2025-01-07 03:55:14.315737');
INSERT INTO django_admin_log VALUES(103,'99','Дорожное оборудование',1,'[{"added": {}}]',8,1,'2025-01-07 03:55:27.350217');
INSERT INTO django_admin_log VALUES(104,'100','Железнодорожное оборудование',1,'[{"added": {}}]',8,1,'2025-01-07 03:55:35.162759');
INSERT INTO django_admin_log VALUES(105,'101','Прецизионные стали',1,'[{"added": {}}]',8,1,'2025-01-07 04:57:23.877467');
INSERT INTO django_admin_log VALUES(106,'102','Инструментальные стали',1,'[{"added": {}}]',8,1,'2025-01-07 04:57:38.048751');
INSERT INTO django_admin_log VALUES(107,'103','Конструкционные стали',1,'[{"added": {}}]',8,1,'2025-01-07 04:57:55.213577');
INSERT INTO django_admin_log VALUES(108,'104','Быстрорежущие стали',1,'[{"added": {}}]',8,1,'2025-01-07 04:58:18.484934');
INSERT INTO django_admin_log VALUES(109,'105','Пищевые стали',1,'[{"added": {}}]',8,1,'2025-01-07 04:58:37.860340');
INSERT INTO django_admin_log VALUES(110,'106','Электротехнические стали',1,'[{"added": {}}]',8,1,'2025-01-07 04:58:51.891944');
INSERT INTO django_admin_log VALUES(111,'107','Жаропрочные стали',1,'[{"added": {}}]',8,1,'2025-01-07 04:59:04.405393');
INSERT INTO django_admin_log VALUES(112,'108','Рессорно-пружинные стали',1,'[{"added": {}}]',8,1,'2025-01-07 04:59:20.461536');
INSERT INTO django_admin_log VALUES(113,'109','Криогенный прокат',1,'[{"added": {}}]',8,1,'2025-01-07 04:59:32.725030');
INSERT INTO django_admin_log VALUES(114,'110','Автоматные стали',1,'[{"added": {}}]',8,1,'2025-01-07 04:59:43.253350');
INSERT INTO django_admin_log VALUES(115,'111','Биметаллический прокат',1,'[{"added": {}}]',8,1,'2025-01-07 05:00:00.124346');
INSERT INTO django_admin_log VALUES(116,'112','Кислостойкие стали',1,'[{"added": {}}]',8,1,'2025-01-07 05:00:16.044771');
INSERT INTO django_admin_log VALUES(117,'113','Штамповые стали',1,'[{"added": {}}]',8,1,'2025-01-07 05:00:28.150610');
INSERT INTO django_admin_log VALUES(118,'114','Судостроительные стали',1,'[{"added": {}}]',8,1,'2025-01-07 05:00:56.932109');
INSERT INTO django_admin_log VALUES(119,'115','Нихром',1,'[{"added": {}}]',8,1,'2025-01-07 05:01:12.273074');
INSERT INTO django_admin_log VALUES(120,'116','Фехраль',1,'[{"added": {}}]',8,1,'2025-01-07 05:01:24.487445');
INSERT INTO django_admin_log VALUES(121,'117','Листы Hardox',1,'[{"added": {}}]',8,1,'2025-01-07 05:01:36.288792');
INSERT INTO django_admin_log VALUES(122,'118','Трубы прецизионные',1,'[{"added": {}}]',8,1,'2025-01-07 05:02:23.305919');
INSERT INTO django_admin_log VALUES(123,'119','Ленты прецизионные',1,'[{"added": {}}]',8,1,'2025-01-07 05:02:35.999270');
INSERT INTO django_admin_log VALUES(124,'120','Проволки прецизионные',1,'[{"added": {}}]',8,1,'2025-01-07 05:02:47.778212');
INSERT INTO django_admin_log VALUES(125,'121','Листы прецизионные',1,'[{"added": {}}]',8,1,'2025-01-07 05:02:59.237868');
INSERT INTO django_admin_log VALUES(126,'122','Прутки прецизионные',1,'[{"added": {}}]',8,1,'2025-01-07 05:03:05.056052');
INSERT INTO django_admin_log VALUES(127,'123','Круги прецизионные',1,'[{"added": {}}]',8,1,'2025-01-07 05:03:11.806538');
INSERT INTO django_admin_log VALUES(128,'124','Фольга прецизионная',1,'[{"added": {}}]',8,1,'2025-01-07 05:03:24.031407');
INSERT INTO django_admin_log VALUES(129,'125','Шины прецизионные',1,'[{"added": {}}]',8,1,'2025-01-07 05:03:28.337391');
INSERT INTO django_admin_log VALUES(130,'126','Проволоки прецизионные',1,'[{"added": {}}]',8,1,'2025-01-07 05:03:43.694758');
INSERT INTO django_admin_log VALUES(131,'127','Проволоки ТКЛР',1,'[{"added": {}}]',8,1,'2025-01-07 05:04:13.164096');
INSERT INTO django_admin_log VALUES(132,'128','Проволоки с заданными свойствами упругости',1,'[{"added": {}}]',8,1,'2025-01-07 05:04:30.817354');
INSERT INTO django_admin_log VALUES(133,'129','Прутки с заданными свойствами упругости',1,'[{"added": {}}]',8,1,'2025-01-07 05:04:48.667403');
INSERT INTO django_admin_log VALUES(134,'130','Полосы инструментальные',1,'[{"added": {}}]',8,1,'2025-01-07 05:05:14.834611');
INSERT INTO django_admin_log VALUES(135,'131','Листы инструментальные',1,'[{"added": {}}]',8,1,'2025-01-07 05:05:22.719717');
INSERT INTO django_admin_log VALUES(136,'132','Трубы инструментальные',1,'[{"added": {}}]',8,1,'2025-01-07 05:05:46.192510');
INSERT INTO django_admin_log VALUES(137,'133','Круги инструментальные',1,'[{"added": {}}]',8,1,'2025-01-07 05:05:53.439840');
INSERT INTO django_admin_log VALUES(138,'134','Ленты инструментальные',1,'[{"added": {}}]',8,1,'2025-01-07 05:05:59.207776');
INSERT INTO django_admin_log VALUES(139,'135','Прутки инструментальные',1,'[{"added": {}}]',8,1,'2025-01-07 05:06:05.666985');
INSERT INTO django_admin_log VALUES(140,'136','Квадраты инструментальные',1,'[{"added": {}}]',8,1,'2025-01-07 05:06:11.460948');
INSERT INTO django_admin_log VALUES(141,'137','Плиты инструментальные',1,'[{"added": {}}]',8,1,'2025-01-07 05:06:18.074222');
INSERT INTO django_admin_log VALUES(142,'138','Поковки инструментальные',1,'[{"added": {}}]',8,1,'2025-01-07 05:06:27.131007');
INSERT INTO django_admin_log VALUES(143,'139','Шины инструментальные',1,'[{"added": {}}]',8,1,'2025-01-07 05:06:32.689078');
INSERT INTO django_admin_log VALUES(144,'140','Инструментальные шестигранники',1,'[{"added": {}}]',8,1,'2025-01-07 05:06:59.049827');
INSERT INTO django_admin_log VALUES(145,'141','Инструментальные легированные полосы',1,'[{"added": {}}]',8,1,'2025-01-07 05:07:57.983599');
INSERT INTO django_admin_log VALUES(146,'142','Инструментальные углеродистые полосы',1,'[{"added": {}}]',8,1,'2025-01-07 05:08:58.595653');
INSERT INTO django_admin_log VALUES(147,'143','Инструментальные легированные круги',1,'[{"added": {}}]',8,1,'2025-01-07 05:16:25.085066');
INSERT INTO django_admin_log VALUES(148,'144','Инструментальные углеродистые круги',1,'[{"added": {}}]',8,1,'2025-01-07 05:17:01.113303');
INSERT INTO django_admin_log VALUES(149,'145','Инструментальные легированные прутки',1,'[{"added": {}}]',8,1,'2025-01-07 05:17:27.110090');
INSERT INTO django_admin_log VALUES(150,'146','Инструментальные углеродистые прутки',1,'[{"added": {}}]',8,1,'2025-01-07 05:17:44.741459');
INSERT INTO django_admin_log VALUES(151,'147','Инструментальные легированные квадраты',1,'[{"added": {}}]',8,1,'2025-01-07 05:18:08.678901');
INSERT INTO django_admin_log VALUES(152,'148','Инструментальные углеродистые квадраты',1,'[{"added": {}}]',8,1,'2025-01-07 05:18:25.602499');
INSERT INTO django_admin_log VALUES(153,'149','Инструментальные проволоки',1,'[{"added": {}}]',8,1,'2025-01-07 05:18:48.633341');
INSERT INTO django_admin_log VALUES(154,'150','Инструментальные легированные поковки',1,'[{"added": {}}]',8,1,'2025-01-07 05:19:08.607579');
INSERT INTO django_admin_log VALUES(155,'151','Инструментальные углеродистые поковки',1,'[{"added": {}}]',8,1,'2025-01-07 05:19:23.428890');
INSERT INTO django_admin_log VALUES(156,'152','Инструментальные легированные шестигранники',1,'[{"added": {}}]',8,1,'2025-01-07 05:20:23.118618');
INSERT INTO django_admin_log VALUES(157,'153','Инструментальные углеродистые шестигранники',1,'[{"added": {}}]',8,1,'2025-01-07 05:20:41.014247');
INSERT INTO django_admin_log VALUES(158,'154','Поковки конструкционные',1,'[{"added": {}}]',8,1,'2025-01-07 05:21:36.033298');
INSERT INTO django_admin_log VALUES(159,'155','Трубы конструкционные',1,'[{"added": {}}]',8,1,'2025-01-07 05:21:49.821538');
INSERT INTO django_admin_log VALUES(160,'156','Листы конструкционные',1,'[{"added": {}}]',8,1,'2025-01-07 05:21:58.637615');
INSERT INTO django_admin_log VALUES(161,'157','Круги конструкционные',1,'[{"added": {}}]',8,1,'2025-01-07 05:22:07.154528');
INSERT INTO django_admin_log VALUES(162,'158','Проволоки конструкционные',1,'[{"added": {}}]',8,1,'2025-01-07 05:22:24.021697');
INSERT INTO django_admin_log VALUES(163,'159','Ленты конструкционные',1,'[{"added": {}}]',8,1,'2025-01-07 05:22:40.355424');
INSERT INTO django_admin_log VALUES(164,'160','Плиты конструкционные',1,'[{"added": {}}]',8,1,'2025-01-07 05:22:46.713855');
INSERT INTO django_admin_log VALUES(165,'161','Уголки конструкционные',1,'[{"added": {}}]',8,1,'2025-01-07 05:22:52.670747');
INSERT INTO django_admin_log VALUES(166,'162','Шестигранники конструкционные',1,'[{"added": {}}]',8,1,'2025-01-07 05:23:06.926736');
INSERT INTO django_admin_log VALUES(167,'163','Полосы конструкционные',1,'[{"added": {}}]',8,1,'2025-01-07 05:23:21.317401');
INSERT INTO django_admin_log VALUES(168,'164','Квадраты конструкционные',1,'[{"added": {}}]',8,1,'2025-01-07 05:23:35.760179');
INSERT INTO django_admin_log VALUES(169,'165','Втулки конструкционные',1,'[{"added": {}}]',8,1,'2025-01-07 05:24:01.820915');
INSERT INTO django_admin_log VALUES(170,'166','Поковки легированные конструкционные',1,'[{"added": {}}]',8,1,'2025-01-07 05:24:22.258243');
INSERT INTO django_admin_log VALUES(171,'167','Прутки конструкционные',1,'[{"added": {}}]',8,1,'2025-01-07 05:24:37.098004');
INSERT INTO django_admin_log VALUES(172,'168','Шины конструкционные',1,'[{"added": {}}]',8,1,'2025-01-07 05:24:47.295396');
INSERT INTO django_admin_log VALUES(173,'169','Легированные неравнополочные конструкционные  уголки',1,'[{"added": {}}]',8,1,'2025-01-07 05:26:11.705002');
INSERT INTO django_admin_log VALUES(174,'170','Углеродистые неравнополочные конструкционные  уголки',1,'[{"added": {}}]',8,1,'2025-01-07 05:26:36.478965');
INSERT INTO django_admin_log VALUES(175,'171','Низколегированные неравнополочные конструкционные  уголки',1,'[{"added": {}}]',8,1,'2025-01-07 05:27:03.361972');
INSERT INTO django_admin_log VALUES(176,'172','Конструкционные легированные шестигранники',1,'[{"added": {}}]',8,1,'2025-01-07 05:34:30.847909');
INSERT INTO django_admin_log VALUES(177,'173','Поковки быстрорежущие',1,'[{"added": {}}]',8,1,'2025-01-07 05:35:12.893144');
INSERT INTO django_admin_log VALUES(178,'174','Квадраты стальные быстрорежущие',1,'[{"added": {}}]',8,1,'2025-01-07 05:35:36.686231');
INSERT INTO django_admin_log VALUES(179,'175','Круги стальные быстрорежущие',1,'[{"added": {}}]',8,1,'2025-01-07 05:35:46.313762');
INSERT INTO django_admin_log VALUES(180,'176','Листы стальные быстрорежущие',1,'[{"added": {}}]',8,1,'2025-01-07 05:35:58.171119');
INSERT INTO django_admin_log VALUES(181,'177','Полосы стальные быстрорежущие',1,'[{"added": {}}]',8,1,'2025-01-07 05:36:08.450139');
INSERT INTO django_admin_log VALUES(182,'178','Пищевые трубы',1,'[{"added": {}}]',8,1,'2025-01-07 05:37:05.445592');
INSERT INTO django_admin_log VALUES(183,'179','Листы электротехнические',1,'[{"added": {}}]',8,1,'2025-01-07 05:37:41.653249');
INSERT INTO django_admin_log VALUES(184,'180','Шины электротехнические',1,'[{"added": {}}]',8,1,'2025-01-07 05:37:51.724290');
INSERT INTO django_admin_log VALUES(185,'181','Полосы электротехнические',1,'[{"added": {}}]',8,1,'2025-01-07 05:37:57.646859');
INSERT INTO django_admin_log VALUES(186,'182','Круги электротехнические',1,'[{"added": {}}]',8,1,'2025-01-07 05:38:04.104535');
INSERT INTO django_admin_log VALUES(187,'183','Квадраты электротехнические',1,'[{"added": {}}]',8,1,'2025-01-07 05:38:19.908938');
INSERT INTO django_admin_log VALUES(188,'184','Рулоны электротехнические',1,'[{"added": {}}]',8,1,'2025-01-07 05:38:29.665637');
INSERT INTO django_admin_log VALUES(189,'185','Плиты жаропрочные',1,'[{"added": {}}]',8,1,'2025-01-07 05:38:59.202828');
INSERT INTO django_admin_log VALUES(190,'186','Трубы жаропрочные',1,'[{"added": {}}]',8,1,'2025-01-07 05:39:13.635080');
INSERT INTO django_admin_log VALUES(191,'187','Листы жаропрочные',1,'[{"added": {}}]',8,1,'2025-01-07 05:39:20.370769');
INSERT INTO django_admin_log VALUES(192,'188','Круги жаропрочные',1,'[{"added": {}}]',8,1,'2025-01-07 05:39:25.896376');
INSERT INTO django_admin_log VALUES(193,'189','Ленты жаропрочные',1,'[{"added": {}}]',8,1,'2025-01-07 05:39:34.772410');
INSERT INTO django_admin_log VALUES(194,'190','Проволоки жаропрочные',1,'[{"added": {}}]',8,1,'2025-01-07 05:39:45.502317');
INSERT INTO django_admin_log VALUES(195,'191','Прутки жаропрочные',1,'[{"added": {}}]',8,1,'2025-01-07 05:39:53.270608');
INSERT INTO django_admin_log VALUES(196,'192','Поковки жаропрочные',1,'[{"added": {}}]',8,1,'2025-01-07 05:39:58.468394');
INSERT INTO django_admin_log VALUES(197,'193','Полосы жаропрочные',1,'[{"added": {}}]',8,1,'2025-01-07 05:40:04.140876');
INSERT INTO django_admin_log VALUES(198,'194','Квадраты жаропрочные',1,'[{"added": {}}]',8,1,'2025-01-07 05:40:17.173644');
INSERT INTO django_admin_log VALUES(199,'195','Шины жаропрочные',1,'[{"added": {}}]',8,1,'2025-01-07 05:40:22.354911');
INSERT INTO django_admin_log VALUES(200,'196','Полосы рессорно-пружинные',1,'[{"added": {}}]',8,1,'2025-01-07 05:42:36.151202');
INSERT INTO django_admin_log VALUES(201,'197','Круги рессорно-пружинные',1,'[{"added": {}}]',8,1,'2025-01-07 05:42:48.034432');
INSERT INTO django_admin_log VALUES(202,'198','Поковки рессорно-пружинные',1,'[{"added": {}}]',8,1,'2025-01-07 05:42:57.961124');
INSERT INTO django_admin_log VALUES(203,'199','Квадраты рессорно-пружинные',1,'[{"added": {}}]',8,1,'2025-01-07 05:43:09.858213');
INSERT INTO django_admin_log VALUES(204,'200','Прутки рессорно-пружинные',1,'[{"added": {}}]',8,1,'2025-01-07 05:43:21.451286');
INSERT INTO django_admin_log VALUES(205,'201','Шестигранники рессорно-пружинные',1,'[{"added": {}}]',8,1,'2025-01-07 05:43:36.662535');
INSERT INTO django_admin_log VALUES(206,'202','Плиты рессорно-пружинные',1,'[{"added": {}}]',8,1,'2025-01-07 05:43:49.201874');
INSERT INTO django_admin_log VALUES(207,'203','Криогенные трубы',1,'[{"added": {}}]',8,1,'2025-01-07 05:44:15.856290');
INSERT INTO django_admin_log VALUES(208,'204','Криогенные неравнополочные конструкционные уголки',1,'[{"added": {}}]',8,1,'2025-01-07 05:44:44.653111');
INSERT INTO django_admin_log VALUES(209,'205','Круги автоматные',1,'[{"added": {}}]',8,1,'2025-01-07 05:45:03.580967');
INSERT INTO django_admin_log VALUES(210,'206','Прутки автоматные',1,'[{"added": {}}]',8,1,'2025-01-07 05:45:13.775642');
INSERT INTO django_admin_log VALUES(211,'207','Шестигранники автоматные',1,'[{"added": {}}]',8,1,'2025-01-07 05:45:20.371540');
INSERT INTO django_admin_log VALUES(212,'208','Квадраты автоматные',1,'[{"added": {}}]',8,1,'2025-01-07 05:45:31.738197');
INSERT INTO django_admin_log VALUES(213,'209','Листы автоматные',1,'[{"added": {}}]',8,1,'2025-01-07 05:45:36.722610');
INSERT INTO django_admin_log VALUES(214,'210','Плиты автоматные',1,'[{"added": {}}]',8,1,'2025-01-07 05:45:52.501187');
INSERT INTO django_admin_log VALUES(215,'211','Биметаллические трубы',1,'[{"added": {}}]',8,1,'2025-01-07 05:46:29.728078');
INSERT INTO django_admin_log VALUES(216,'212','Круглые биметаллические трубы',1,'[{"added": {}}]',8,1,'2025-01-07 05:46:43.181314');
INSERT INTO django_admin_log VALUES(217,'213','Проволоки биметаллические',1,'[{"added": {}}]',8,1,'2025-01-07 05:47:06.810794');
INSERT INTO django_admin_log VALUES(218,'214','Листы биметаллические',1,'[{"added": {}}]',8,1,'2025-01-07 05:47:13.876058');
INSERT INTO django_admin_log VALUES(219,'215','Ленты биметаллические',1,'[{"added": {}}]',8,1,'2025-01-07 05:47:20.376804');
INSERT INTO django_admin_log VALUES(220,'216','Плиты биметаллические',1,'[{"added": {}}]',8,1,'2025-01-07 05:47:29.179666');
INSERT INTO django_admin_log VALUES(221,'217','Трубы кислостойкие',1,'[{"added": {}}]',8,1,'2025-01-07 05:47:55.102323');
INSERT INTO django_admin_log VALUES(222,'218','Листы кислостойкие',1,'[{"added": {}}]',8,1,'2025-01-07 05:48:04.605576');
INSERT INTO django_admin_log VALUES(223,'219','Поковки штампованные',1,'[{"added": {}}]',8,1,'2025-01-07 05:48:31.975443');
INSERT INTO django_admin_log VALUES(224,'220','Круги штампованные',1,'[{"added": {}}]',8,1,'2025-01-07 05:48:38.623637');
INSERT INTO django_admin_log VALUES(225,'221','Полосы штампованные',1,'[{"added": {}}]',8,1,'2025-01-07 05:48:47.129899');
INSERT INTO django_admin_log VALUES(226,'222','Прутки штампованные',1,'[{"added": {}}]',8,1,'2025-01-07 05:48:55.790849');
INSERT INTO django_admin_log VALUES(227,'223','Квадраты штампованные',1,'[{"added": {}}]',8,1,'2025-01-07 05:49:05.278399');
INSERT INTO django_admin_log VALUES(228,'224','Судостроительные трубы',1,'[{"added": {}}]',8,1,'2025-01-07 05:49:26.301555');
INSERT INTO django_admin_log VALUES(229,'225','Проволоки нихромовые',1,'[{"added": {}}]',8,1,'2025-01-07 05:52:56.455649');
INSERT INTO django_admin_log VALUES(230,'226','Ленты нихромовые',1,'[{"added": {}}]',8,1,'2025-01-07 05:53:01.511511');
INSERT INTO django_admin_log VALUES(231,'227','Круги хромоникелевые',1,'[{"added": {}}]',8,1,'2025-01-07 05:53:30.690258');
INSERT INTO django_admin_log VALUES(232,'228','Листы хромоникелевые',1,'[{"added": {}}]',8,1,'2025-01-07 05:53:40.999731');
INSERT INTO django_admin_log VALUES(233,'229','Трубы хромоникелевые',1,'[{"added": {}}]',8,1,'2025-01-07 05:53:51.150883');
INSERT INTO django_admin_log VALUES(234,'230','Ленты фехралевые',1,'[{"added": {}}]',8,1,'2025-01-07 05:54:14.213384');
INSERT INTO django_admin_log VALUES(235,'231','Прутки фехралевые',1,'[{"added": {}}]',8,1,'2025-01-07 05:54:19.931253');
INSERT INTO django_admin_log VALUES(236,'232','Круги фехралевые',1,'[{"added": {}}]',8,1,'2025-01-07 05:54:26.571612');
INSERT INTO django_admin_log VALUES(237,'1','Черный металлопрокат',2,'[{"changed": {"fields": ["\u041d\u0430\u0437\u0432\u0430\u043d\u0438\u0435 \u043a\u0430\u0442\u0435\u0433\u043e\u0440\u0438\u0438"]}}]',8,1,'2025-01-08 02:11:57.446280');
INSERT INTO django_admin_log VALUES(238,'233','Нержавеющий трубопрокат',1,'[{"added": {}}]',8,1,'2025-01-08 02:58:36.080272');
INSERT INTO django_admin_log VALUES(239,'234','Плоский нержавеющий прокат',1,'[{"added": {}}]',8,1,'2025-01-08 02:58:56.967321');
INSERT INTO django_admin_log VALUES(240,'235','Фасонный нержавеющий прокат',1,'[{"added": {}}]',8,1,'2025-01-08 02:59:19.280738');
INSERT INTO django_admin_log VALUES(241,'236','Сортовой нержавеющий прокат',1,'[{"added": {}}]',8,1,'2025-01-08 02:59:27.797102');
INSERT INTO django_admin_log VALUES(242,'237','Нержавеющий крепеж',1,'[{"added": {}}]',8,1,'2025-01-08 02:59:40.509259');
INSERT INTO django_admin_log VALUES(243,'238','Трубы нержавеющие',1,'[{"added": {}}]',8,1,'2025-01-08 03:00:12.196299');
INSERT INTO django_admin_log VALUES(244,'239','Гофрированные нержавеющие трубы',1,'[{"added": {}}]',8,1,'2025-01-08 03:02:23.104351');
INSERT INTO django_admin_log VALUES(245,'240','Профильные нержавеющие трубы',1,'[{"added": {}}]',8,1,'2025-01-08 03:02:34.389595');
INSERT INTO django_admin_log VALUES(246,'241','Коррозионностойкие трубы',1,'[{"added": {}}]',8,1,'2025-01-08 03:02:57.548380');
INSERT INTO django_admin_log VALUES(247,'242','Котельные нержавеющие трубы',1,'[{"added": {}}]',8,1,'2025-01-08 03:03:12.898653');
INSERT INTO django_admin_log VALUES(248,'243','Капиллярные трубки нержавеющие',1,'[{"added": {}}]',8,1,'2025-01-08 03:03:34.205281');
INSERT INTO django_admin_log VALUES(249,'244','Трубы с резьбой нержавеющие',1,'[{"added": {}}]',8,1,'2025-01-08 03:03:55.344120');
INSERT INTO django_admin_log VALUES(250,'245','Трубы большого диаметра нержавеющие',1,'[{"added": {}}]',8,1,'2025-01-08 03:04:30.588359');
INSERT INTO django_admin_log VALUES(251,'246','Трубы из дуплексной стали',1,'[{"added": {}}]',8,1,'2025-01-08 03:04:51.666091');
INSERT INTO django_admin_log VALUES(252,'247','Трубы из супердуплексной стали',1,'[{"added": {}}]',8,1,'2025-01-08 03:05:16.694673');
INSERT INTO django_admin_log VALUES(253,'248','Нержавеющие трубы бесшовные',1,'[{"added": {}}]',8,1,'2025-01-08 03:05:53.092197');
INSERT INTO django_admin_log VALUES(254,'249','Электросварные нержавеющие трубы',1,'[{"added": {}}]',8,1,'2025-01-08 03:06:13.100244');
INSERT INTO django_admin_log VALUES(255,'250','Нержавеющие трубы поолированные',1,'[{"added": {}}]',8,1,'2025-01-08 03:06:32.657540');
INSERT INTO django_admin_log VALUES(256,'251','Нержавеющие трубы зеркальные',1,'[{"added": {}}]',8,1,'2025-01-08 03:06:50.736573');
INSERT INTO django_admin_log VALUES(257,'252','Нержавеющие трубы шлифованные',1,'[{"added": {}}]',8,1,'2025-01-08 03:07:08.710829');
INSERT INTO django_admin_log VALUES(258,'253','Нержавеющие трубы холоднодеформированные',1,'[{"added": {}}]',8,1,'2025-01-08 03:07:36.514499');
INSERT INTO django_admin_log VALUES(259,'254','Трубы нержавеющие матовые',1,'[{"added": {}}]',8,1,'2025-01-08 03:08:07.592258');
INSERT INTO django_admin_log VALUES(260,'255','Листы нержавеющие',1,'[{"added": {}}]',8,1,'2025-01-08 03:33:53.648693');
INSERT INTO django_admin_log VALUES(261,'256','Плиты нержавеющие',1,'[{"added": {}}]',8,1,'2025-01-08 03:34:10.555146');
INSERT INTO django_admin_log VALUES(262,'257','Нержавеющие ленты',1,'[{"added": {}}]',8,1,'2025-01-08 03:34:47.338851');
INSERT INTO django_admin_log VALUES(263,'258','Полосы нержавеющие',1,'[{"added": {}}]',8,1,'2025-01-08 03:35:14.360698');
INSERT INTO django_admin_log VALUES(264,'259','Рулоны нержавеющие',1,'[{"added": {}}]',8,1,'2025-01-08 03:35:44.394781');
INSERT INTO django_admin_log VALUES(265,'260','Шины нержавеющие',1,'[{"added": {}}]',8,1,'2025-01-08 03:35:57.312565');
INSERT INTO django_admin_log VALUES(266,'1','Нержавеющие перфорированные листы',1,'[{"added": {}}]',7,1,'2025-01-08 03:41:32.473844');
CREATE TABLE IF NOT EXISTS "django_content_type" ("id" integer NOT NULL PRIMARY KEY AUTOINCREMENT, "app_label" varchar(100) NOT NULL, "model" varchar(100) NOT NULL);
INSERT INTO django_content_type VALUES(1,'admin','logentry');
INSERT INTO django_content_type VALUES(2,'auth','permission');
INSERT INTO django_content_type VALUES(3,'auth','group');
INSERT INTO django_content_type VALUES(4,'auth','user');
INSERT INTO django_content_type VALUES(5,'contenttypes','contenttype');
INSERT INTO django_content_type VALUES(6,'sessions','session');
INSERT INTO django_content_type VALUES(7,'app','product');
INSERT INTO django_content_type VALUES(8,'app','category');
CREATE TABLE IF NOT EXISTS "auth_permission" ("id" integer NOT NULL PRIMARY KEY AUTOINCREMENT, "content_type_id" integer NOT NULL REFERENCES "django_content_type" ("id") DEFERRABLE INITIALLY DEFERRED, "codename" varchar(100) NOT NULL, "name" varchar(255) NOT NULL);
INSERT INTO auth_permission VALUES(1,1,'add_logentry','Can add log entry');
INSERT INTO auth_permission VALUES(2,1,'change_logentry','Can change log entry');
INSERT INTO auth_permission VALUES(3,1,'delete_logentry','Can delete log entry');
INSERT INTO auth_permission VALUES(4,1,'view_logentry','Can view log entry');
INSERT INTO auth_permission VALUES(5,2,'add_permission','Can add permission');
INSERT INTO auth_permission VALUES(6,2,'change_permission','Can change permission');
INSERT INTO auth_permission VALUES(7,2,'delete_permission','Can delete permission');
INSERT INTO auth_permission VALUES(8,2,'view_permission','Can view permission');
INSERT INTO auth_permission VALUES(9,3,'add_group','Can add group');
INSERT INTO auth_permission VALUES(10,3,'change_group','Can change group');
INSERT INTO auth_permission VALUES(11,3,'delete_group','Can delete group');
INSERT INTO auth_permission VALUES(12,3,'view_group','Can view group');
INSERT INTO auth_permission VALUES(13,4,'add_user','Can add user');
INSERT INTO auth_permission VALUES(14,4,'change_user','Can change user');
INSERT INTO auth_permission VALUES(15,4,'delete_user','Can delete user');
INSERT INTO auth_permission VALUES(16,4,'view_user','Can view user');
INSERT INTO auth_permission VALUES(17,5,'add_contenttype','Can add content type');
INSERT INTO auth_permission VALUES(18,5,'change_contenttype','Can change content type');
INSERT INTO auth_permission VALUES(19,5,'delete_contenttype','Can delete content type');
INSERT INTO auth_permission VALUES(20,5,'view_contenttype','Can view content type');
INSERT INTO auth_permission VALUES(21,6,'add_session','Can add session');
INSERT INTO auth_permission VALUES(22,6,'change_session','Can change session');
INSERT INTO auth_permission VALUES(23,6,'delete_session','Can delete session');
INSERT INTO auth_permission VALUES(24,6,'view_session','Can view session');
INSERT INTO auth_permission VALUES(25,7,'add_product','Can add Продукт');
INSERT INTO auth_permission VALUES(26,7,'change_product','Can change Продукт');
INSERT INTO auth_permission VALUES(27,7,'delete_product','Can delete Продукт');
INSERT INTO auth_permission VALUES(28,7,'view_product','Can view Продукт');
INSERT INTO auth_permission VALUES(29,8,'add_category','Can add Категория');
INSERT INTO auth_permission VALUES(30,8,'change_category','Can change Категория');
INSERT INTO auth_permission VALUES(31,8,'delete_category','Can delete Категория');
INSERT INTO auth_permission VALUES(32,8,'view_category','Can view Категория');
CREATE TABLE IF NOT EXISTS "auth_group" ("id" integer NOT NULL PRIMARY KEY AUTOINCREMENT, "name" varchar(150) NOT NULL UNIQUE);
CREATE TABLE IF NOT EXISTS "auth_user" ("id" integer NOT NULL PRIMARY KEY AUTOINCREMENT, "password" varchar(128) NOT NULL, "last_login" datetime NULL, "is_superuser" bool NOT NULL, "username" varchar(150) NOT NULL UNIQUE, "last_name" varchar(150) NOT NULL, "email" varchar(254) NOT NULL, "is_staff" bool NOT NULL, "is_active" bool NOT NULL, "date_joined" datetime NOT NULL, "first_name" varchar(150) NOT NULL);
INSERT INTO auth_user VALUES(1,'pbkdf2_sha256$870000$ZfS2cQjAnDKO6BAXWimJuL$kcK9G3SbRMIcJpofn6eHFKNKI27jM/on4obhPlYwDoA=','2025-01-07 00:13:21.767555',1,'tab1k','','',1,1,'2025-01-07 00:13:04.384048','');
CREATE TABLE IF NOT EXISTS "django_session" ("session_key" varchar(40) NOT NULL PRIMARY KEY, "session_data" text NOT NULL, "expire_date" datetime NOT NULL);
INSERT INTO django_session VALUES('h0cy2owzq4bbtol5ccc1ilcx13kw520v','.eJxVjEEOwiAQRe_C2hAYAQeX7nsGMjAgVUOT0q6Md7dNutDtf-_9twi0LjWsPc9hZHEVWpx-t0jpmdsO-EHtPsk0tWUeo9wVedAuh4nz63a4fweVet1qSKxS9tkBaOUjKnTRnslpo7S_-KytA2MVmsgMtlDZBHAWUVHEgiA-X7x5NrQ:1tUxDl:zx4Q0N2gcQs95TkfKwE4zTWRpmU8eRcdez-E1pNYHcE','2025-01-21 00:13:21.770143');
CREATE TABLE IF NOT EXISTS "app_category" ("id" integer NOT NULL PRIMARY KEY AUTOINCREMENT, "name" varchar(255) NOT NULL, "slug" varchar(50) NOT NULL UNIQUE, "parent_id" bigint NULL REFERENCES "app_category" ("id") DEFERRABLE INITIALLY DEFERRED, "image" varchar(255) NULL);
INSERT INTO app_category VALUES(1,'Черный металлопрокат','chernyj-mettaloprokat',NULL,'');
INSERT INTO app_category VALUES(2,'Трубный прокат','trubnyj-prokat',1,NULL);
INSERT INTO app_category VALUES(3,'Плоский прокат','ploskij-prokat',1,NULL);
INSERT INTO app_category VALUES(4,'Фасонный прокат','fasonnyj-prokat',1,NULL);
INSERT INTO app_category VALUES(5,'Сортовой прокат','sortovoj-prokat',1,NULL);
INSERT INTO app_category VALUES(6,'Чугунный прокат','chugunnyj-prokat',1,NULL);
INSERT INTO app_category VALUES(7,'Стальной трубный прокат','stalnoj-trubnyj-prokat',2,NULL);
INSERT INTO app_category VALUES(8,'Чугунные трубы','chugunnye-truby',2,NULL);
INSERT INTO app_category VALUES(9,'ВГП трубы','vgp-truby',2,NULL);
INSERT INTO app_category VALUES(10,'Обсадные трубы','obsadnye-truby',2,NULL);
INSERT INTO app_category VALUES(11,'Котельные трубы','kotelnye-truby',2,NULL);
INSERT INTO app_category VALUES(12,'Трубы Б/У','truby-bu',2,NULL);
INSERT INTO app_category VALUES(13,'Капиллярные трубки','kapillyarnye-trubki',2,NULL);
INSERT INTO app_category VALUES(14,'НКТ трубы','nkt-truby',2,NULL);
INSERT INTO app_category VALUES(15,'Бурильные трубы','burilnye-truby',2,NULL);
INSERT INTO app_category VALUES(16,'Изолированные трубы','izolirovannye-truby',2,NULL);
INSERT INTO app_category VALUES(17,'Футерованные трубы','futerovannye-truby',2,NULL);
INSERT INTO app_category VALUES(18,'Магистральные трубы','magistralnye-truby',2,NULL);
INSERT INTO app_category VALUES(19,'Оребренные трубы','orebrennye-truby',2,NULL);
INSERT INTO app_category VALUES(20,'Колонковые трубы','kolonkovye-truby',2,NULL);
INSERT INTO app_category VALUES(21,'Газлифтные трубы','gazliftnye-truby',2,NULL);
INSERT INTO app_category VALUES(22,'Плакированные трубы','plakirovannye-truby',2,NULL);
INSERT INTO app_category VALUES(23,'Труба круглая стальная','truba-kruglaya-stalnaya',7,NULL);
INSERT INTO app_category VALUES(24,'Профильные стальные трубы','profilnye-stalnye-truby',7,NULL);
INSERT INTO app_category VALUES(25,'Листы','listy',3,NULL);
INSERT INTO app_category VALUES(26,'Полосы','polosy',3,NULL);
INSERT INTO app_category VALUES(27,'Ленты','lenty',3,NULL);
INSERT INTO app_category VALUES(28,'Плиты','plity',3,NULL);
INSERT INTO app_category VALUES(29,'Шины','shiny',3,NULL);
INSERT INTO app_category VALUES(30,'Рулоны','rulony',3,NULL);
INSERT INTO app_category VALUES(31,'Просечно-вытяжные листы','prosechno-vytyazhnye-listy',25,NULL);
INSERT INTO app_category VALUES(32,'Перфорированные металлические листы','perforirovannye-metallicheskie-listy',25,NULL);
INSERT INTO app_category VALUES(33,'Бронелисты','bronelisty',25,NULL);
INSERT INTO app_category VALUES(34,'Жестяные листы','zhestyanye-listy',25,NULL);
INSERT INTO app_category VALUES(35,'Стальной листовой прокат','stalnoj-listovoj-prokat',25,NULL);
INSERT INTO app_category VALUES(36,'Судовые листы','sudovye-listy',25,NULL);
INSERT INTO app_category VALUES(37,'Низколегированные листы','nizkolegirovannye-listy',25,NULL);
INSERT INTO app_category VALUES(38,'Стальные полосы','stalnye-polosy',26,NULL);
INSERT INTO app_category VALUES(39,'Кованые полосы','kovanye-polosy',26,NULL);
INSERT INTO app_category VALUES(40,'Стальные ленты','stalnye-lenty',27,NULL);
INSERT INTO app_category VALUES(41,'Упаковочные стальные ленты','upakovochnye-stalnye-lenty',27,NULL);
INSERT INTO app_category VALUES(42,'Стальные плиты','stalnye-plity',28,NULL);
INSERT INTO app_category VALUES(43,'Легированные плиты','legirovannye-plity',28,NULL);
INSERT INTO app_category VALUES(44,'Нелегированные плиты','nelegirovannye-plity',28,NULL);
INSERT INTO app_category VALUES(45,'Стальные рулоны','stalnye-rulony',30,NULL);
INSERT INTO app_category VALUES(46,'Рулонная жесть','rulonnaya-zhest',30,NULL);
INSERT INTO app_category VALUES(47,'Двутавры','dvutavry',4,NULL);
INSERT INTO app_category VALUES(48,'Уголки','ugolki',4,NULL);
INSERT INTO app_category VALUES(49,'Швеллеры','shvellery',4,NULL);
INSERT INTO app_category VALUES(50,'Тавры','tavry',4,NULL);
INSERT INTO app_category VALUES(51,'Рельсы','relsy',4,NULL);
INSERT INTO app_category VALUES(52,'Стальные двутавры','stalnye-dvutavry',47,NULL);
INSERT INTO app_category VALUES(53,'Широкополочные двутавры','shirokopolochnye-dvutavry',47,NULL);
INSERT INTO app_category VALUES(54,'Колонные двутавры','kolonnye-dvutavry',47,NULL);
INSERT INTO app_category VALUES(55,'Нормальные двутавры','normalnye-dvutavry',47,NULL);
INSERT INTO app_category VALUES(56,'Низколегированные двутавры','nizkolegirovannye-dvutavry',47,NULL);
INSERT INTO app_category VALUES(57,'Равнополочные уголки','ravnopolochnye-ugolki',48,NULL);
INSERT INTO app_category VALUES(58,'Неравнополочные уголки','neravnopolochnye-ugolki',48,NULL);
INSERT INTO app_category VALUES(59,'Горячекатаные швеллеры','goryachekatanye-shvellery',49,NULL);
INSERT INTO app_category VALUES(60,'Гнутые швеллеры','gnutye-shvellery',49,NULL);
INSERT INTO app_category VALUES(61,'Низколегированные швеллеры','nizkolegirovannye-shvellery',49,NULL);
INSERT INTO app_category VALUES(62,'Стальные тавры','stalnye-tavry',50,NULL);
INSERT INTO app_category VALUES(63,'Крановые рельсы','kranovye-relsy',51,NULL);
INSERT INTO app_category VALUES(64,'Арматура','armatura',5,NULL);
INSERT INTO app_category VALUES(65,'Квадраты','kvadraty',5,NULL);
INSERT INTO app_category VALUES(66,'Круги','krugi',5,NULL);
INSERT INTO app_category VALUES(67,'Прутки','prutki',5,NULL);
INSERT INTO app_category VALUES(68,'Поковки','pokovki',5,NULL);
INSERT INTO app_category VALUES(69,'Шестигранники','shestigranniki',5,NULL);
INSERT INTO app_category VALUES(70,'Сварная арматура','svarnaya-armatura',64,NULL);
INSERT INTO app_category VALUES(71,'Горячекатаная арматура','goryachekatanaya-armatura',64,NULL);
INSERT INTO app_category VALUES(72,'Холоднокатаная арматура','holodnokatanaya-armatura',64,NULL);
INSERT INTO app_category VALUES(73,'Стальные квадраты','stalnye-kvadraty',65,NULL);
INSERT INTO app_category VALUES(74,'Калиброванные квадраты','kalibrovannye-kvadraty',65,NULL);
INSERT INTO app_category VALUES(75,'Кованые квадраты','kovanye-kvadraty',65,NULL);
INSERT INTO app_category VALUES(76,'Высоколегированные квадраты','vysokolegirovannye-kvadraty',65,NULL);
INSERT INTO app_category VALUES(77,'Низколегированные квадраты','nizkolegirovannye-kvadraty',65,NULL);
INSERT INTO app_category VALUES(78,'Стальные круги','stalnye-krugi',66,NULL);
INSERT INTO app_category VALUES(79,'Низколегированные круги','nizkolegirovannye-krugi',66,NULL);
INSERT INTO app_category VALUES(80,'Низколегированные прутки','nizkolegirovannye-prutki',67,NULL);
INSERT INTO app_category VALUES(81,'Стальные прутки','stalnye-prutki',67,NULL);
INSERT INTO app_category VALUES(83,'Горячекатаные шестигранники','goryachekatanye-shestigranniki',69,NULL);
INSERT INTO app_category VALUES(84,'Низколегированные шестигранники','nizkolegirovannye-shestigranniki',69,NULL);
INSERT INTO app_category VALUES(85,'Чугунные краны','chugunnye-krany',6,NULL);
INSERT INTO app_category VALUES(86,'Специальные стали','specialnye-stali',NULL,NULL);
INSERT INTO app_category VALUES(87,'Нержавеющий прокат','nerzhaveyushij-prokat',NULL,NULL);
INSERT INTO app_category VALUES(88,'Цветной металлопрокат','cvetnoj-metalloprokat',NULL,NULL);
INSERT INTO app_category VALUES(89,'Благородные металлы','blagorodnye-metally',NULL,NULL);
INSERT INTO app_category VALUES(90,'Редкоземельные металлы','redkozemelnye-metally',NULL,NULL);
INSERT INTO app_category VALUES(91,'Кабельная продукция','kabelnaya-produkciya',NULL,NULL);
INSERT INTO app_category VALUES(92,'Сварочные материалы','svarochnye-materialy',NULL,NULL);
INSERT INTO app_category VALUES(93,'Трубопроводная арматура','truboprovodnaya-armatura',NULL,NULL);
INSERT INTO app_category VALUES(94,'Теплоизоляция для труб','teploizolyaciya-dlya-trub',NULL,NULL);
INSERT INTO app_category VALUES(95,'Метизы и крепеж','metizy-i-krepezh',NULL,NULL);
INSERT INTO app_category VALUES(96,'Оцинкованный прокат','ocinkovannyj-prokat',NULL,NULL);
INSERT INTO app_category VALUES(98,'Промышленное оборудование','promyshlennoe-oborudovanie',NULL,NULL);
INSERT INTO app_category VALUES(99,'Дорожное оборудование','dorozhnoe-oborudovanie',NULL,NULL);
INSERT INTO app_category VALUES(100,'Железнодорожное оборудование','zheleznodorozhnoe-oborudovanie',NULL,NULL);
INSERT INTO app_category VALUES(101,'Прецизионные стали','precizionnye-stali',86,NULL);
INSERT INTO app_category VALUES(102,'Инструментальные стали','instrumentalnye-stali',86,NULL);
INSERT INTO app_category VALUES(103,'Конструкционные стали','konstrukcionnye-stali',86,NULL);
INSERT INTO app_category VALUES(104,'Быстрорежущие стали','bystrorezhushie-stali',86,NULL);
INSERT INTO app_category VALUES(105,'Пищевые стали','pishevye-stali',86,NULL);
INSERT INTO app_category VALUES(106,'Электротехнические стали','elektrotehnicheskie-stali',86,NULL);
INSERT INTO app_category VALUES(107,'Жаропрочные стали','zharoprochnye-stali',86,NULL);
INSERT INTO app_category VALUES(108,'Рессорно-пружинные стали','ressorno-pruzhinnye-stali',86,NULL);
INSERT INTO app_category VALUES(109,'Криогенный прокат','kriogennyj-prokat',86,NULL);
INSERT INTO app_category VALUES(110,'Автоматные стали','avtomatnye-stali',86,NULL);
INSERT INTO app_category VALUES(111,'Биметаллический прокат','bimetallicheskij-prokat',86,NULL);
INSERT INTO app_category VALUES(112,'Кислостойкие стали','kislostojkie-stali',86,NULL);
INSERT INTO app_category VALUES(113,'Штамповые стали','shtampovye-stali',86,NULL);
INSERT INTO app_category VALUES(114,'Судостроительные стали','sudostroitelnye-stali',86,NULL);
INSERT INTO app_category VALUES(115,'Нихром','nihrom',86,NULL);
INSERT INTO app_category VALUES(116,'Фехраль','fehral',86,NULL);
INSERT INTO app_category VALUES(117,'Листы Hardox','listy-hardox',86,NULL);
INSERT INTO app_category VALUES(118,'Трубы прецизионные','truby-precizionnye',101,NULL);
INSERT INTO app_category VALUES(119,'Ленты прецизионные','lenty-precizionnye',101,NULL);
INSERT INTO app_category VALUES(120,'Проволки прецизионные','provolki-precizionnye',101,NULL);
INSERT INTO app_category VALUES(121,'Листы прецизионные','listy-precizionnye',101,NULL);
INSERT INTO app_category VALUES(122,'Прутки прецизионные','prutki-precizionnye',101,NULL);
INSERT INTO app_category VALUES(123,'Круги прецизионные','krugi-precizionnye',101,NULL);
INSERT INTO app_category VALUES(124,'Фольга прецизионная','folga-precizionnaya',101,NULL);
INSERT INTO app_category VALUES(125,'Шины прецизионные','shiny-precizionnye',101,NULL);
INSERT INTO app_category VALUES(126,'Проволоки прецизионные','provoloki-precizionnye',101,NULL);
INSERT INTO app_category VALUES(127,'Проволоки ТКЛР','provoloki-tklr',101,NULL);
INSERT INTO app_category VALUES(128,'Проволоки с заданными свойствами упругости','provoloki-s-zadannymi-svojstvami-uprugosti',101,NULL);
INSERT INTO app_category VALUES(129,'Прутки с заданными свойствами упругости','prutki-s-zadannymi-svojstvami-uprugosti',101,NULL);
INSERT INTO app_category VALUES(130,'Полосы инструментальные','polosy-instrumentalnye',102,NULL);
INSERT INTO app_category VALUES(131,'Листы инструментальные','listy-instrumentalnye',102,NULL);
INSERT INTO app_category VALUES(132,'Трубы инструментальные','truby-instrumentalnye',102,NULL);
INSERT INTO app_category VALUES(133,'Круги инструментальные','krugi-instrumentalnye',102,NULL);
INSERT INTO app_category VALUES(134,'Ленты инструментальные','lenty-instrumentalnye',102,NULL);
INSERT INTO app_category VALUES(135,'Прутки инструментальные','prutki-instrumentalnye',102,NULL);
INSERT INTO app_category VALUES(136,'Квадраты инструментальные','kvadraty-instrumentalnye',102,NULL);
INSERT INTO app_category VALUES(137,'Плиты инструментальные','plity-instrumentalnye',102,NULL);
INSERT INTO app_category VALUES(138,'Поковки инструментальные','pokovki-instrumentalnye',102,NULL);
INSERT INTO app_category VALUES(139,'Шины инструментальные','shiny-instrumentalnye',102,NULL);
INSERT INTO app_category VALUES(140,'Инструментальные шестигранники','instrumentalnye-shestigranniki',102,NULL);
INSERT INTO app_category VALUES(141,'Инструментальные легированные полосы','instrumentalnye-legirovannye-polosy',130,NULL);
INSERT INTO app_category VALUES(142,'Инструментальные углеродистые полосы','instrumentalnye-uglerodistye-polosy',130,NULL);
INSERT INTO app_category VALUES(143,'Инструментальные легированные круги','instrumentalnye-legirovannye-krugi',133,NULL);
INSERT INTO app_category VALUES(144,'Инструментальные углеродистые круги','instrumentalnye-uglerodistye-krugi',133,NULL);
INSERT INTO app_category VALUES(145,'Инструментальные легированные прутки','instrumentalnye-legirovannye-prutki',135,NULL);
INSERT INTO app_category VALUES(146,'Инструментальные углеродистые прутки','instrumentalnye-uglerodistye-prutki',135,NULL);
INSERT INTO app_category VALUES(147,'Инструментальные легированные квадраты','instrumentalnye-legirovannye-kvadraty',136,NULL);
INSERT INTO app_category VALUES(148,'Инструментальные углеродистые квадраты','instrumentalnye-uglerodistye-kvadraty',136,NULL);
INSERT INTO app_category VALUES(149,'Инструментальные проволоки','instrumentalnye-provoloki',137,NULL);
INSERT INTO app_category VALUES(150,'Инструментальные легированные поковки','instrumentalnye-legirovannye-pokovki',138,NULL);
INSERT INTO app_category VALUES(151,'Инструментальные углеродистые поковки','instrumentalnye-uglerodistye-pokovki',138,NULL);
INSERT INTO app_category VALUES(152,'Инструментальные легированные шестигранники','instrumentalnye-legirovannye-shestigranniki',140,NULL);
INSERT INTO app_category VALUES(153,'Инструментальные углеродистые шестигранники','instrumentalnye-uglerodistye-shestigranniki',140,NULL);
INSERT INTO app_category VALUES(154,'Поковки конструкционные','pokovki-konstrukcionnye',103,NULL);
INSERT INTO app_category VALUES(155,'Трубы конструкционные','truby-konstrukcionnye',103,NULL);
INSERT INTO app_category VALUES(156,'Листы конструкционные','listy-konstrukcionnye',103,NULL);
INSERT INTO app_category VALUES(157,'Круги конструкционные','krugi-konstrukcionnye',103,NULL);
INSERT INTO app_category VALUES(158,'Проволоки конструкционные','provoloki-konstrukcionnye',103,NULL);
INSERT INTO app_category VALUES(159,'Ленты конструкционные','lenty-konstrukcionnye',103,NULL);
INSERT INTO app_category VALUES(160,'Плиты конструкционные','plity-konstrukcionnye',103,NULL);
INSERT INTO app_category VALUES(161,'Уголки конструкционные','ugolki-konstrukcionnye',103,NULL);
INSERT INTO app_category VALUES(162,'Шестигранники конструкционные','shestigranniki-konstrukcionnye',103,NULL);
INSERT INTO app_category VALUES(163,'Полосы конструкционные','polosy-konstrukcionnye',103,NULL);
INSERT INTO app_category VALUES(164,'Квадраты конструкционные','kvadraty-konstrukcionnye',103,NULL);
INSERT INTO app_category VALUES(165,'Втулки конструкционные','vtulki-konstrukcionnye',103,NULL);
INSERT INTO app_category VALUES(166,'Поковки легированные конструкционные','pokovki-legirovannye-konstrukcionnye',103,NULL);
INSERT INTO app_category VALUES(167,'Прутки конструкционные','prutki-konstrukcionnye',103,NULL);
INSERT INTO app_category VALUES(168,'Шины конструкционные','shiny-konstrukcionnye',103,NULL);
INSERT INTO app_category VALUES(169,'Легированные неравнополочные конструкционные  уголки','legirovannye-neravnopolochnye-konstrukcionnye-ugol',161,NULL);
INSERT INTO app_category VALUES(170,'Углеродистые неравнополочные конструкционные  уголки','uglerodistye-neravnopolochnye-konstrukcionnye-ugol',161,NULL);
INSERT INTO app_category VALUES(171,'Низколегированные неравнополочные конструкционные  уголки','nizkolegirovannye-neravnopolochnye-konstrukcionnye',161,NULL);
INSERT INTO app_category VALUES(172,'Конструкционные легированные шестигранники','konstrukcionnye-legirovannye-shestigranniki',162,NULL);
INSERT INTO app_category VALUES(173,'Поковки быстрорежущие','pokovki-bystrorezhushie',104,NULL);
INSERT INTO app_category VALUES(174,'Квадраты стальные быстрорежущие','kvadraty-stalnye-bystrorezhushie',104,NULL);
INSERT INTO app_category VALUES(175,'Круги стальные быстрорежущие','krugi-stalnye-bystrorezhushie',104,NULL);
INSERT INTO app_category VALUES(176,'Листы стальные быстрорежущие','listy-stalnye-bystrorezhushie',104,NULL);
INSERT INTO app_category VALUES(177,'Полосы стальные быстрорежущие','polosy-stalnye-bystrorezhushie',104,NULL);
INSERT INTO app_category VALUES(178,'Пищевые трубы','pishevye-truby',105,NULL);
INSERT INTO app_category VALUES(179,'Листы электротехнические','listy-elektrotehnicheskie',106,NULL);
INSERT INTO app_category VALUES(180,'Шины электротехнические','shiny-elektrotehnicheskie',106,NULL);
INSERT INTO app_category VALUES(181,'Полосы электротехнические','polosy-elektrotehnicheskie',106,NULL);
INSERT INTO app_category VALUES(182,'Круги электротехнические','krugi-elektrotehnicheskie',106,NULL);
INSERT INTO app_category VALUES(183,'Квадраты электротехнические','kvadraty-elektrotehnicheskie',106,NULL);
INSERT INTO app_category VALUES(184,'Рулоны электротехнические','rulony-elektrotehnicheskie',106,NULL);
INSERT INTO app_category VALUES(185,'Плиты жаропрочные','plity-zharoprochnye',107,NULL);
INSERT INTO app_category VALUES(186,'Трубы жаропрочные','truby-zharoprochnye',107,NULL);
INSERT INTO app_category VALUES(187,'Листы жаропрочные','listy-zharoprochnye',107,NULL);
INSERT INTO app_category VALUES(188,'Круги жаропрочные','krugi-zharoprochnye',107,NULL);
INSERT INTO app_category VALUES(189,'Ленты жаропрочные','lenty-zharoprochnye',107,NULL);
INSERT INTO app_category VALUES(190,'Проволоки жаропрочные','provoloki-zharoprochnye',107,NULL);
INSERT INTO app_category VALUES(191,'Прутки жаропрочные','prutki-zharoprochnye',107,NULL);
INSERT INTO app_category VALUES(192,'Поковки жаропрочные','pokovki-zharoprochnye',107,NULL);
INSERT INTO app_category VALUES(193,'Полосы жаропрочные','polosy-zharoprochnye',107,NULL);
INSERT INTO app_category VALUES(194,'Квадраты жаропрочные','kvadraty-zharoprochnye',107,NULL);
INSERT INTO app_category VALUES(195,'Шины жаропрочные','shiny-zharoprochnye',107,NULL);
INSERT INTO app_category VALUES(196,'Полосы рессорно-пружинные','polosy-ressorno-pruzhinnye',108,NULL);
INSERT INTO app_category VALUES(197,'Круги рессорно-пружинные','krugi-ressorno-pruzhinnye',108,NULL);
INSERT INTO app_category VALUES(198,'Поковки рессорно-пружинные','pokovki-ressorno-pruzhinnye',108,NULL);
INSERT INTO app_category VALUES(199,'Квадраты рессорно-пружинные','kvadraty-ressorno-pruzhinnye',108,NULL);
INSERT INTO app_category VALUES(200,'Прутки рессорно-пружинные','prutki-ressorno-pruzhinnye',108,NULL);
INSERT INTO app_category VALUES(201,'Шестигранники рессорно-пружинные','shestigranniki-ressorno-pruzhinnye',108,NULL);
INSERT INTO app_category VALUES(202,'Плиты рессорно-пружинные','plity-ressorno-pruzhinnye',108,NULL);
INSERT INTO app_category VALUES(203,'Криогенные трубы','kriogennye-truby',109,NULL);
INSERT INTO app_category VALUES(204,'Криогенные неравнополочные конструкционные уголки','kriogennye-neravnopolochnye-konstrukcionnye-ugolki',109,NULL);
INSERT INTO app_category VALUES(205,'Круги автоматные','krugi-avtomatnye',110,NULL);
INSERT INTO app_category VALUES(206,'Прутки автоматные','prutki-avtomatnye',110,NULL);
INSERT INTO app_category VALUES(207,'Шестигранники автоматные','shestigranniki-avtomatnye',110,NULL);
INSERT INTO app_category VALUES(208,'Квадраты автоматные','kvadraty-avtomatnye',110,NULL);
INSERT INTO app_category VALUES(209,'Листы автоматные','listy-avtomatnye',110,NULL);
INSERT INTO app_category VALUES(210,'Плиты автоматные','plity-avtomatnye',110,NULL);
INSERT INTO app_category VALUES(211,'Биметаллические трубы','bimetallicheskie-truby',111,NULL);
INSERT INTO app_category VALUES(212,'Круглые биметаллические трубы','kruglye-bimetallicheskie-truby',211,NULL);
INSERT INTO app_category VALUES(213,'Проволоки биметаллические','provoloki-bimetallicheskie',111,NULL);
INSERT INTO app_category VALUES(214,'Листы биметаллические','listy-bimetallicheskie',111,NULL);
INSERT INTO app_category VALUES(215,'Ленты биметаллические','lenty-bimetallicheskie',111,NULL);
INSERT INTO app_category VALUES(216,'Плиты биметаллические','plity-bimetallicheskie',111,NULL);
INSERT INTO app_category VALUES(217,'Трубы кислостойкие','truby-kislostojkie',112,NULL);
INSERT INTO app_category VALUES(218,'Листы кислостойкие','listy-kislostojkie',112,NULL);
INSERT INTO app_category VALUES(219,'Поковки штампованные','pokovki-shtampovannye',113,NULL);
INSERT INTO app_category VALUES(220,'Круги штампованные','krugi-shtampovannye',113,NULL);
INSERT INTO app_category VALUES(221,'Полосы штампованные','polosy-shtampovannye',113,NULL);
INSERT INTO app_category VALUES(222,'Прутки штампованные','prutki-shtampovannye',113,NULL);
INSERT INTO app_category VALUES(223,'Квадраты штампованные','kvadraty-shtampovannye',113,NULL);
INSERT INTO app_category VALUES(224,'Судостроительные трубы','sudostroitelnye-truby',114,NULL);
INSERT INTO app_category VALUES(225,'Проволоки нихромовые','provoloki-nihromovye',115,NULL);
INSERT INTO app_category VALUES(226,'Ленты нихромовые','lenty-nihromovye',115,NULL);
INSERT INTO app_category VALUES(227,'Круги хромоникелевые','krugi-hromonikelevye',115,NULL);
INSERT INTO app_category VALUES(228,'Листы хромоникелевые','listy-hromonikelevye',115,NULL);
INSERT INTO app_category VALUES(229,'Трубы хромоникелевые','truby-hromonikelevye',115,NULL);
INSERT INTO app_category VALUES(230,'Ленты фехралевые','lenty-fehralevye',116,NULL);
INSERT INTO app_category VALUES(231,'Прутки фехралевые','prutki-fehralevye',116,NULL);
INSERT INTO app_category VALUES(232,'Круги фехралевые','krugi-fehralevye',116,NULL);
INSERT INTO app_category VALUES(233,'Нержавеющий трубопрокат','nerzhaveyushij-truboprokat',87,'');
INSERT INTO app_category VALUES(234,'Плоский нержавеющий прокат','ploskij-nerzhaveyushij-prokat',87,'');
INSERT INTO app_category VALUES(235,'Фасонный нержавеющий прокат','fasonnyj-nerzhaveyushij-prokat',87,'');
INSERT INTO app_category VALUES(236,'Сортовой нержавеющий прокат','sortovoj-nerzhaveyushij-prokat',87,'');
INSERT INTO app_category VALUES(237,'Нержавеющий крепеж','nerzhaveyushij-krepezh',87,'');
INSERT INTO app_category VALUES(238,'Трубы нержавеющие','truby-nerzhaveyushie',233,'');
INSERT INTO app_category VALUES(239,'Гофрированные нержавеющие трубы','gofrirovannye-nerzhaveyushie-truby',233,'');
INSERT INTO app_category VALUES(240,'Профильные нержавеющие трубы','profilnye-nerzhaveyushie-truby',233,'');
INSERT INTO app_category VALUES(241,'Коррозионностойкие трубы','korrozionnostojkie-truby',233,'');
INSERT INTO app_category VALUES(242,'Котельные нержавеющие трубы','kotelnye-nerzhaveyushie-truby',233,'');
INSERT INTO app_category VALUES(243,'Капиллярные трубки нержавеющие','kapillyarnye-trubki-nerzhaveyushie',233,'');
INSERT INTO app_category VALUES(244,'Трубы с резьбой нержавеющие','truby-s-rezboj-nerzhaveyushie',233,'');
INSERT INTO app_category VALUES(245,'Трубы большого диаметра нержавеющие','truby-bolshogo-diametra-nerzhaveyushie',233,'');
INSERT INTO app_category VALUES(246,'Трубы из дуплексной стали','truby-iz-dupleksnoj-stali',233,'');
INSERT INTO app_category VALUES(247,'Трубы из супердуплексной стали','truby-iz-superdupleksnoj-stali',233,'');
INSERT INTO app_category VALUES(248,'Нержавеющие трубы бесшовные','nerzhaveyushie-truby-besshovnye',238,'');
INSERT INTO app_category VALUES(249,'Электросварные нержавеющие трубы','elektrosvarnye-nerzhaveyushie-truby',238,'');
INSERT INTO app_category VALUES(250,'Нержавеющие трубы поолированные','nerzhaveyushie-truby-poolirovannye',238,'');
INSERT INTO app_category VALUES(251,'Нержавеющие трубы зеркальные','nerzhaveyushie-truby-zerkalnye',238,'');
INSERT INTO app_category VALUES(252,'Нержавеющие трубы шлифованные','nerzhaveyushie-truby-shlifovannye',238,'');
INSERT INTO app_category VALUES(253,'Нержавеющие трубы холоднодеформированные','nerzhaveyushie-truby-holodnodeformirovannye',238,'');
INSERT INTO app_category VALUES(254,'Трубы нержавеющие матовые','truby-nerzhaveyushie-matovye',238,'');
INSERT INTO app_category VALUES(255,'Листы нержавеющие','listy-nerzhaveyushie',234,'');
INSERT INTO app_category VALUES(256,'Плиты нержавеющие','plity-nerzhaveyushie',234,'');
INSERT INTO app_category VALUES(257,'Нержавеющие ленты','nerzhaveyushie-lenty',234,'');
INSERT INTO app_category VALUES(258,'Полосы нержавеющие','polosy-nerzhaveyushie',234,'');
INSERT INTO app_category VALUES(259,'Рулоны нержавеющие','rulony-nerzhaveyushie',234,'');
INSERT INTO app_category VALUES(260,'Шины нержавеющие','shiny-nerzhaveyushie',234,'');
CREATE TABLE IF NOT EXISTS "app_product" ("id" integer NOT NULL PRIMARY KEY AUTOINCREMENT, "name" varchar(255) NOT NULL, "price" decimal NOT NULL, "description" text NOT NULL, "image" varchar(100) NOT NULL, "category_id" bigint NOT NULL REFERENCES "app_category" ("id") DEFERRABLE INITIALLY DEFERRED);
INSERT INTO app_product VALUES(1,'Нержавеющие перфорированные листы',1,'','products/nerzhaveyushie-perforirovannye-listy_SWRczBI.webp',255);
DELETE FROM sqlite_sequence;
INSERT INTO sqlite_sequence VALUES('django_migrations',20);
INSERT INTO sqlite_sequence VALUES('django_admin_log',266);
INSERT INTO sqlite_sequence VALUES('django_content_type',8);
INSERT INTO sqlite_sequence VALUES('auth_permission',32);
INSERT INTO sqlite_sequence VALUES('auth_group',0);
INSERT INTO sqlite_sequence VALUES('auth_user',1);
INSERT INTO sqlite_sequence VALUES('app_category',260);
INSERT INTO sqlite_sequence VALUES('app_product',1);
CREATE UNIQUE INDEX "auth_group_permissions_group_id_permission_id_0cd325b0_uniq" ON "auth_group_permissions" ("group_id", "permission_id");
CREATE INDEX "auth_group_permissions_group_id_b120cbf9" ON "auth_group_permissions" ("group_id");
CREATE INDEX "auth_group_permissions_permission_id_84c5c92e" ON "auth_group_permissions" ("permission_id");
CREATE UNIQUE INDEX "auth_user_groups_user_id_group_id_94350c0c_uniq" ON "auth_user_groups" ("user_id", "group_id");
CREATE INDEX "auth_user_groups_user_id_6a12ed8b" ON "auth_user_groups" ("user_id");
CREATE INDEX "auth_user_groups_group_id_97559544" ON "auth_user_groups" ("group_id");
CREATE UNIQUE INDEX "auth_user_user_permissions_user_id_permission_id_14a6b632_uniq" ON "auth_user_user_permissions" ("user_id", "permission_id");
CREATE INDEX "auth_user_user_permissions_user_id_a95ead1b" ON "auth_user_user_permissions" ("user_id");
CREATE INDEX "auth_user_user_permissions_permission_id_1fbb5f2c" ON "auth_user_user_permissions" ("permission_id");
CREATE INDEX "django_admin_log_content_type_id_c4bce8eb" ON "django_admin_log" ("content_type_id");
CREATE INDEX "django_admin_log_user_id_c564eba6" ON "django_admin_log" ("user_id");
CREATE UNIQUE INDEX "django_content_type_app_label_model_76bd3d3b_uniq" ON "django_content_type" ("app_label", "model");
CREATE UNIQUE INDEX "auth_permission_content_type_id_codename_01ab375a_uniq" ON "auth_permission" ("content_type_id", "codename");
CREATE INDEX "auth_permission_content_type_id_2f476e4b" ON "auth_permission" ("content_type_id");
CREATE INDEX "django_session_expire_date_a5c62663" ON "django_session" ("expire_date");
CREATE INDEX "app_category_parent_id_8ce0344c" ON "app_category" ("parent_id");
CREATE INDEX "app_product_category_id_023742a5" ON "app_product" ("category_id");
COMMIT;
